<?xml version="1.0" encoding="UTF-8" ?>
<configuration>

	<!-- Logging Properties -->
	<!-- PATTERN -->
	<property name="FCCR_LOG_PATTERN"
		value="%d{yyyy-MM-dd HH:mm:ss.SSS} - [%-5level] - [%thread] -%logger - %msg%n" />
	<!-- LOG DIR -->
	<property name="FCCR_LOG_DIR" value="/Fae/workspace.fae/fccrFaeWsRest/config/jboss/eap71/log/fccr" />

	<!-- Console APPENDER -->
	<appender name="STDOUT" class="ch.qos.logback.core.ConsoleAppender">
		<encoder>
			<pattern>${FCCR_LOG_PATTERN}</pattern>
		</encoder>
	</appender>

	<!-- FULL LOG FILE APPENDER -->
	<appender name="ROLLING_FULL_FILE" class="ch.qos.logback.core.rolling.RollingFileAppender"> 
		<file>${FCCR_LOG_DIR}/fccr-fae.log</file> 
		 <rollingPolicy class="ch.qos.logback.core.rolling.SizeAndTimeBasedRollingPolicy">
		<fileNamePattern>${FCCR_LOG_DIR}/fccr-fae-%d{yyyy-MM-dd-HH-mm}-%i.log </fileNamePattern> 
		<!-- or whenever the file size reaches 50MB --> 
		<maxFileSize>50MB</maxFileSize> 
		 <!-- keep 30 days' worth of history -->
         <maxHistory>30</maxHistory>
         <totalSizeCap>1GB</totalSizeCap>
		</rollingPolicy> 
		<encoder> 
			<charset>UTF-8</charset>
			<pattern>${FCCR_LOG_PATTERN}</pattern> 
		</encoder> 
	</appender> 

	<!-- FCCR BSC LOG FILE APPENDER -->
	<appender name="ROLLING_WS_FCCR_BSC" class="ch.qos.logback.core.rolling.RollingFileAppender"> 
		<file>${FCCR_LOG_DIR}/ws-fccr-bsc.log</file> 
		 <rollingPolicy class="ch.qos.logback.core.rolling.SizeAndTimeBasedRollingPolicy">
		<fileNamePattern>${FCCR_LOG_DIR}/ws-fccr-bsc-%d{yyyy-MM-dd-HH-mm}-%i.log </fileNamePattern> 
		<!-- or whenever the file size reaches 50MB --> 
		<maxFileSize>50MB</maxFileSize> 
		 <!-- keep 30 days' worth of history -->
         <maxHistory>30</maxHistory>
         <totalSizeCap>1GB</totalSizeCap>
		</rollingPolicy> 
		<encoder> 
			<charset>UTF-8</charset>
			<pattern>${FCCR_LOG_PATTERN}</pattern> 
		</encoder> 
	</appender> 

	<!-- WS FCCR FAE -->
	<Logger name="fr.franfinance.fae.kyc.fccr.ws" additivity="false"
		level="info">
		<appender-ref ref="STDOUT" />
		<appender-ref ref="ROLLING_FULL_FILE" />
	</Logger>

	 <!-- WS FCCR BSC CONSUMING -->
	<Logger name="fr.franfinance.fae.kyc.fccr.wsclient" additivity="false"
		level="info">
		<appender-ref ref="STDOUT" />
		<appender-ref ref="ROLLING_WS_FCCR_BSC" />
		<appender-ref ref="ROLLING_FULL_FILE" />
	</Logger>

	<root level="INFO">
		<appender-ref ref="STDOUT" />
		<appender-ref ref="ROLLING_FULL_FILE" />
	</root>
</configuration>

