<?xml version="1.0" encoding="UTF-8"?>
<mappings xmlns="http://dozer.sourceforge.net" xmlns:xsi="http://www.w3.org/2001/XMLSchema-instance"
	xsi:schemaLocation="http://dozer.sourceforge.net
      http://dozer.sourceforge.net/schema/beanmapping.xsd">

	<mapping>
		<class-a>fr.franfinance.fae.kyc.fccr.batch.model.SuiviAppelFccr
		</class-a>
		<class-b>fr.franfinance.fae.kyc.fccr.wsclient.model.request.ComputeRequest
		</class-b>
		<field>
			<a>idTiersFae</a>
			<b>customer.customerIdentifier.localId</b>
		</field>
		<field>
			<a>fccrDataCommun.idRct</a>
			<b>customer.customerIdentifier.rctId</b>
		</field>
		<field>
			<a>fccrDataCommun.raisoc</a>
			<b>customer.customerData.legalName</b>
		</field>
		<field>
			<a>fccrDataCommun.siren</a>
			<b>customer.customerData.localRegistrationId</b>
		</field>
		<field>
			<a>fccrDataCommun.segment</a>
			<b>customer.rating.rawData.segment</b>
		</field>
		<field>
			<a>fccrDataCommun.subsegment</a>
			<b>customer.rating.rawData.subSegment</b>
		</field>
		<field>
			<a>fccrDataCommun.paysGouv</a>
			<b>customer.rating.rawData.governmentCountryCode</b>
		</field>
		<field>
			<a>fccrDataCommun.typeEntite</a>
			<b>customer.rating.rawData.entityType</b>
		</field>
		<field>
			<a>fccrDataCommun.dateDebRel</a>
			<b>customer.rating.rawData.dateOfInitialBusinessRelationship</b>
		</field>
		<field>
			<a>fccrDataCommun.paysImmat</a>
			<b>customer.rating.rawData.registrationCountryCode</b>
		</field>
		<field>
			<a>fccrDataCommun.dateCreationEnt</a>
			<b>customer.rating.rawData.dateOfCreation</b>
		</field>
		<field>
			<a>fccrDataCommun.indAptgouv</a>
			<b>customer.rating.rawData.governmentOwnership</b>
		</field>
		<field>
			<a>fccrDataCommun.indPpe</a>
			<b>customer.rating.rawData.pep</b>
		</field>
		<field>
			<a>codeProduitList</a>
			<b>customer.rating.rawData.products</b>
		</field>
		<field>
			<a>codeSousProduitList</a>
			<b>customer.rating.rawData.subFamilies</b>
		</field>
		<field>
			<a>fccrDataCommun.ca</a>
			<b>customer.rating.rawData.annualTurnover</b>
		</field>
		<field>
			<a>fccrDataCommun.CodeNaf</a>
			<b>customer.rating.rawData.industry</b>
		</field>
		<field>
			<a>fccrDataCommun.correspondentBanking</a>
			<b>customer.rating.rawData.correspondentBanking</b>
		</field>
		<field>
			<a>fccrDataCommun.nestedAccount</a>
			<b>customer.rating.rawData.nestedAccount</b>
		</field>
		<field>
			<a>placeCotbourseList</a>
			<b>customer.rating.rawData.stockExchanges</b>
		</field>
		<field>
			<a>autoregulList</a>
			<b>customer.rating.rawData.primaryRegulatoryBodies</b>
		</field>
		<field>
			<a>fccrDataBeList</a>
			<b>customer.rating.rawData.ultimateBeneficialOwners</b>
		</field>
	</mapping>
</mappings>