<?xml version="1.0" encoding="UTF-8"?>
<mappings xmlns="http://dozer.sourceforge.net" xmlns:xsi="http://www.w3.org/2001/XMLSchema-instance"
	xsi:schemaLocation="http://dozer.sourceforge.net
      http://dozer.sourceforge.net/schema/beanmapping.xsd">

	<mapping wildcard="false" map-null="false" map-empty-string="false">
		<class-a>fr.franfinance.fae.kyc.fccr.wsclient.model.response.CustomerResponse
		</class-a>
		<class-b>fr.franfinance.fae.kyc.fccr.batch.model.FccrDataRet
		</class-b>
		<field>
			<a>customer.customerIdentifier.localDb</a>
			<b>localDb</b>
		</field>
		<field>
			<a>customer.customerIdentifier.localId</a>
			<b>localId</b>
		</field>
		<field>
			<a>customer.customerData.localRegistrationId</a>
			<b>localRegId</b>
		</field>
		<field>
			<a>customer.rating.type</a>
			<b>fccrRatingType</b>
		</field>
		<field>
			<a date-format="yyyy-MM-dd'T'HH:mm:ss.SSS">customer.rating.dateTime</a>
			<b>computeFccrRatingDatetime</b>
		</field>
		<field>
			<a>customer.rating.result.fccrRating</a>
			<b>computeFccrrating</b>
		</field>
		<field>
			<a>customer.rating.result.governmentCountry.level</a>
			<b>governmentCountry</b>
		</field>
		<field>
			<a>customer.rating.result.registration.level</a>
			<b>registration</b>
		</field>
		<field>
			<a>customer.rating.result.contractingRisk.level</a>
			<b>contractingRisk</b>
		</field>
		<field>
			<a>customer.rating.result.entityType.level</a>
			<b>entityType</b>
		</field>
		<field>
			<a>customer.rating.result.lengthOfBusinessRelationship.level
			</a>
			<b>businessRelShip</b>
		</field>
		<field>
			<a>customer.rating.result.industry.level</a>
			<b>industry</b>
		</field>
		<field>
			<a>customer.rating.result.primaryRegulatoryBody.level
			</a>
			<b>priRegulBody</b>
		</field>
		<field>
			<a>customer.rating.result.newEnterprise.level</a>
			<b>newEnterprise</b>
		</field>
		<field>
			<a>customer.rating.result.approvedStockExchange.level
			</a>
			<b>appStockExchange</b>
		</field>
		<field>
			<a>customer.rating.result.pepAndGovernmentOwnership.level
			</a>
			<b>pepGovOwnership</b>
		</field>
		<field>
			<a>customer.rating.result.pep.level</a>
			<b>pep</b>
		</field>
		<field>
			<a>customer.rating.result.correspondentBanking.level
			</a>
			<b>correspBanking</b>
		</field>
		<field>
			<a>customer.rating.result.expectedActivity.level</a>
			<b>expActivity</b>
		</field>
		<field>
			<a>customer.rating.result.nestedAccount.level</a>
			<b>nestedAccount</b>
		</field>
	</mapping>
</mappings>