<document>
	<properties>
		<title>ellisphereFaeBatch JAR Project</title>
		<author email="prenom.nom@frf.fr.socgen.com">Prenom Nom</author>
	</properties>

	<body>
		<!-- 
		<release version="2.0.4.3" date="2010-05-17" description="Version evolutive">
			<action dev="dubois" type="add" issue="METJDEE-29">
				Decrire ici les evolutions implementees.
      		</action>
		</release>
		<release version="2.0.4.2" date="2009-12-11" description="Version corrective">
			<action dev="dubois" type="fix" issue="METJDEE-14" due-to="Destinataire"
				due-to-email="destinataire@frf.frf.socgen.com">
				Decrire ici les bugs corriges.
      		</action>
		</release>
		 -->
		<release version="1.0.0" date="2009-05-06" description="Version initiale">
		</release>
	</body>

</document>

