<?xml version="1.0" encoding="UTF-8" ?>
<configuration debug="true">

	<!-- Logging Properties -->
	<!-- PATTERN -->
	<property name="FCCR_LOG_PATTERN"
		value="%d{yyyy-MM-dd HH:mm:ss.SSS} - [%-5level] - [%thread] -%logger - %msg%n" />
	<!-- LOG DIR -->
	<property name="FCCR_LOG_DIR" value="/ekip/ekipff/java/kyc_fccr/logs" />

	<!-- Console APPENDER -->
	<appender name="STDOUT" class="ch.qos.logback.core.ConsoleAppender">
		<encoder>
			<pattern>${FCCR_LOG_PATTERN}</pattern>
		</encoder>
	</appender>

	<!-- FULL LOG BATCH FILE APPENDER -->
	<appender name="ROLLING_BATCH_FILE"
		class="ch.qos.logback.core.rolling.RollingFileAppender">
		<file>${FCCR_LOG_DIR}/batch-fccr.log</file>
		<rollingPolicy
			class="ch.qos.logback.core.rolling.SizeAndTimeBasedRollingPolicy">
			<fileNamePattern>${FCCR_LOG_DIR}/batch-fccr-%d{yyyy-MM-dd-HH-mm}-%i.log
			</fileNamePattern>
			<!-- or whenever the file size reaches 50MB -->
			<maxFileSize>50MB</maxFileSize>
			<!-- keep 30 days' worth of history -->
			<maxHistory>30</maxHistory>
			<totalSizeCap>1GB</totalSizeCap>
		</rollingPolicy>
		<encoder>
			<charset>UTF-8</charset>
			<pattern>${FCCR_LOG_PATTERN}</pattern>
		</encoder>
	</appender>
	
	<!-- FULL LOG FCCR WS FILE APPENDER -->
	<appender name="ROLLING_FCCR_WS_FILE"
		class="ch.qos.logback.core.rolling.RollingFileAppender">
		<file>${FCCR_LOG_DIR}/ws-fccr.log</file>
		<rollingPolicy
			class="ch.qos.logback.core.rolling.SizeAndTimeBasedRollingPolicy">
			<fileNamePattern>${FCCR_LOG_DIR}/ws-fccr-%d{yyyy-MM-dd-HH-mm}-%i.log
			</fileNamePattern>
			<!-- or whenever the file size reaches 50MB -->
			<maxFileSize>50MB</maxFileSize>
			<!-- keep 30 days' worth of history -->
			<maxHistory>30</maxHistory>
			<totalSizeCap>1GB</totalSizeCap>
		</rollingPolicy>
		<encoder>
			<charset>UTF-8</charset>
			<pattern>${FCCR_LOG_PATTERN}</pattern>
		</encoder>
	</appender>

	<!-- Log only warnings and errors in spring -->
	<Logger name="org.springframework.context" level="warn"
		additivity="false">
		<appender-ref ref="STDOUT" />
		<appender-ref ref="ROLLING_BATCH_FILE" />
	</Logger>

	<!-- Log only warnings and errors in hibernate -->
	<Logger name="org.hibernate" level="warn" additivity="false">
		<appender-ref ref="STDOUT" />
		<appender-ref ref="ROLLING_BATCH_FILE" />
	</Logger>

	<!-- Log SQL statements -->
	<Logger name="org.hibernate.SQL" level="debug" additivity="false">
		<appender-ref ref="STDOUT" />
		<appender-ref ref="ROLLING_BATCH_FILE" />
	</Logger>

	<!-- Log only warnings and errors in dozer -->
	<Logger name="org.dozer" level="warn" additivity="false">
		<appender-ref ref="STDOUT" />
		<appender-ref ref="ROLLING_BATCH_FILE" />
	</Logger>

	<!-- Batch FCCR -->
	<Logger name="fr.franfinance.fae.kyc.fccr.batch" additivity="false"
		level="info">
		<appender-ref ref="STDOUT" />
		<appender-ref ref="ROLLING_BATCH_FILE" />
	</Logger>


	<!-- WS FCCR FAE -->
	<Logger name="fr.franfinance.fae.kyc.fccr.ws" additivity="false"
		level="info">
		<appender-ref ref="STDOUT" />
		<appender-ref ref="ROLLING_BATCH_FILE" />
	</Logger>

	<!-- WS FCCR BSC CONSUMING -->
	<Logger name="fr.franfinance.fae.kyc.fccr.wsclient" additivity="false"
		level="info">
		<appender-ref ref="STDOUT" />
		<appender-ref ref="ROLLING_FCCR_WS_FILE" />
	</Logger>

	<root level="INFO">
		<appender-ref ref="STDOUT" />
		<appender-ref ref="ROLLING_BATCH_FILE" />
	</root>
</configuration>