<?xml version="1.0" encoding="UTF-8"?>
<jboss-deployment-structure>
	<!-- Make sub deployments isolated by default, so they cannot see each others 
		classes without a Class-Path entry -->
	<ear-subdeployments-isolated>false</ear-subdeployments-isolated>
	<!-- Exclude all logging dependencies so we can use logback -->
	<deployment>
		<exclusions>
			<module name="org.apache.commons.logging" />
			<module name="org.apache.log4j" />
			<module name="org.jboss.logging" />
			<module name="org.jboss.logging.jul-to-slf4j-stub" />
			<module name="org.jboss.logmanager" />
			<module name="org.jboss.logmanager.log4j" />
			<module name="org.slf4j" />
			<module name="org.slf4j.impl" />
			<module name="org.slf4j.jcl-over-slf4j" />
		</exclusions>
	</deployment>
	<sub-deployment
		name="${project.parent.artifactId}-war-${project.version}.war">
		<dependencies>
			<module name="configuration" />
			<module name="fr.franfinance.methodes.jboss.support.jndifactories" />
			<module name="fr.franfinance.jvm_external_libraries" />
		</dependencies>
		<exclusions>
			<module name="org.apache.commons.logging" />
			<module name="org.apache.log4j" />
			<module name="org.jboss.logging" />
			<module name="org.jboss.logging.jul-to-slf4j-stub" />
			<module name="org.jboss.logmanager" />
			<module name="org.jboss.logmanager.log4j" />
			<module name="org.slf4j" />
			<module name="org.slf4j.impl" />
			<module name="org.slf4j.jcl-over-slf4j" />
		</exclusions>
	</sub-deployment>
</jboss-deployment-structure>
