<?xml version="1.0" encoding="UTF-8" ?>
<configuration debug="true">

	<!-- Logging Properties -->
	<!-- PATTERN -->
	<property name="FCCR_LOG_PATTERN"
		value="%d{yyyy-MM-dd HH:mm:ss.SSS} - [%-5level] - [%thread] -%logger - %msg%n" />
	<!-- LOG DIR -->
	<property name="IMPORT_ODE_LOG_DIR" value="/temp/faedist/ode/${envTarget}/Log/ImportOdeBtn" />

	<!-- Console APPENDER -->
	<appender name="STDOUT" class="ch.qos.logback.core.ConsoleAppender">
		<encoder>
			<pattern>${FCCR_LOG_PATTERN}</pattern>
		</encoder>
	</appender>

	<!-- FULL LOG BATCH FILE APPENDER -->
	<appender name="ROLLING_BATCH_FILE"
		class="ch.qos.logback.core.rolling.RollingFileAppender">
		<file>${IMPORT_ODE_LOG_DIR}/import-ode.log</file>
		<rollingPolicy
			class="ch.qos.logback.core.rolling.SizeAndTimeBasedRollingPolicy">
			<fileNamePattern>${IMPORT_ODE_LOG_DIR}/import-ode-%d{yyyy-MM-dd-HH-mm}-%i.log
			</fileNamePattern>
			<!-- or whenever the file size reaches 50MB -->
			<maxFileSize>50MB</maxFileSize>
			<!-- keep 30 days' worth of history -->
			<maxHistory>30</maxHistory>
			<totalSizeCap>1GB</totalSizeCap>
		</rollingPolicy>
		<encoder>
			<charset>UTF-8</charset>
			<pattern>${FCCR_LOG_PATTERN}</pattern>
		</encoder>
	</appender>

	<!-- Log only warnings and errors in spring -->
	<Logger name="org.springframework.context" level="warn"
		additivity="false">
		<appender-ref ref="STDOUT" />
		<appender-ref ref="ROLLING_BATCH_FILE" />
	</Logger>

	<!-- Log only warnings and errors in hibernate -->
	<Logger name="org.hibernate" level="warn" additivity="false">
		<appender-ref ref="STDOUT" />
		<appender-ref ref="ROLLING_BATCH_FILE" />
	</Logger>

	<!-- Log SQL statements -->
	<Logger name="org.hibernate.SQL" level="debug" additivity="false">
		<appender-ref ref="STDOUT" />
		<appender-ref ref="ROLLING_BATCH_FILE" />
	</Logger>

	<!-- Log only warnings and errors in dozer -->
	<Logger name="org.dozer" level="warn" additivity="false">
		<appender-ref ref="STDOUT" />
		<appender-ref ref="ROLLING_BATCH_FILE" />
	</Logger>

	<!-- PARSE JSON PROJECT -->
	<Logger name="fr.franfinance.fae.kyc.fccr.parseJson" additivity="false"
		level="info">
		<appender-ref ref="STDOUT" />
		<appender-ref ref="ROLLING_BATCH_FILE" />
	</Logger>


	<root level="INFO">
		<appender-ref ref="STDOUT" />
		<appender-ref ref="ROLLING_BATCH_FILE" />
	</root>
</configuration>