<?xml version="1.0" encoding="UTF-8" ?>
<!DOCTYPE log4j:configuration SYSTEM "log4j.dtd">

<log4j:configuration xmlns:log4j="http://jakarta.apache.org/log4j/">
  <!-- Les Appenders -->
  <appender name="CONSOLE" class="org.apache.log4j.ConsoleAppender"> 
    <param name="Target" value="System.out"/> 
    <layout class="org.apache.log4j.PatternLayout"> 
      <param name="ConversionPattern" value="%d [%p]  %C.%M(%L) : %m%n"/> 
    </layout> 
  </appender> 

  <appender name="LOGFILE" class="org.apache.log4j.RollingFileAppender">
    <param name="File" value="${server.relative.log.dir}/fccrNoteLabService.log" />
    <param name="MaxFileSize" value="10MB" />
    <param name="MaxBackupIndex" value="5" />
    <param name="Append" value="true" />
    <layout class="org.apache.log4j.PatternLayout">
      <param name="ConversionPattern" value="%d [%p]  %C.%M(%L) : %m%n"/>
    </layout>
  </appender>

   <!-- Les Loggers -->
  <logger name="fr.franfinance.methodes">
    <level value="${server.application.log.level}"/>
    <appender-ref ref="LOGFILE"/>
  </logger>
 
   <!-- Les Loggers -->
  <logger name="fr.franfinance.security">
    <level value="${server.application.log.level}"/>
    <appender-ref ref="LOGFILE"/>
  </logger>
  
  <root>
    <level value="INFO"/>
    <appender-ref ref="CONSOLE"/>
  </root>
</log4j:configuration>