<?xml version="1.0" encoding="UTF-8" ?>
<configuration debug="true">

	<!-- Logging Properties -->
	<!-- PATTERN -->
	<property name="BTN_LOG_PATTERN"
		value="%d{yyyy-MM-dd HH:mm:ss.SSS} - [%-5level] - [%thread] -%logger - %msg%n" />
	<!-- LOG DIR -->
	<property name="BTN_LOG_DIR" value="D:/Fae/log" />

	<!-- Console APPENDER -->
	<appender name="STDOUT" class="ch.qos.logback.core.ConsoleAppender">
		<encoder>
			<pattern>${BTN_LOG_PATTERN}</pattern>
		</encoder>
	</appender>

	<!-- BTN WS LOG FILE APPENDER -->
	<appender name="ROLLING_WS_BTN"
		class="ch.qos.logback.core.rolling.RollingFileAppender">
		<file>${BTN_LOG_DIR}/ws-btn.log</file>
		<rollingPolicy
			class="ch.qos.logback.core.rolling.SizeAndTimeBasedRollingPolicy">
			<fileNamePattern>${BTN_LOG_DIR}/ws-btn-%d{yyyy-MM-dd-HH-mm}-%i.log
			</fileNamePattern>
			<!-- or whenever the file size reaches 50MB -->
			<maxFileSize>50MB</maxFileSize>
			<!-- keep 30 days' worth of history -->
			<maxHistory>30</maxHistory>
			<totalSizeCap>1GB</totalSizeCap>
		</rollingPolicy>
		<encoder>
			<charset>UTF-8</charset>
			<pattern>${BTN_LOG_PATTERN}</pattern>
		</encoder>
	</appender>

	<!-- WS BTN -->
	<Logger name="fr.franfinance.fae.base.tiers.ws" additivity="false"
		level="info">
		<appender-ref ref="STDOUT" />
		<appender-ref ref="ROLLING_WS_BTN" />
	</Logger>

	<!-- BTN REPOSITORY -->
	<Logger name="fr.franfinance.fae.base.tiers" additivity="false"
		level="info">
		<appender-ref ref="STDOUT" />
		<appender-ref ref="ROLLING_WS_BTN" />
	</Logger>

	<root level="INFO">
		<appender-ref ref="STDOUT" />
		<appender-ref ref="ROLLING_WS_BTN" />
	</root>
</configuration>

