<?xml version="1.0" encoding="UTF-8"?>

<!DOCTYPE mapping PUBLIC "-//EXOLAB/Castor Mapping DTD Version 1.0//EN" "http://castor.exolab.org/mapping.dtd">
<mapping>

<class name="fr.franfinance.kyc.notelab.model.NotationRefTier"
		access="db-locked" key-generator="SEQUENCE" identity="idTiersBnot">
		<map-to table="NOTATION_REF_TIERS" xml="NotationRefTier" />
		<cache-type type="none" />
		<field name="idTiersBnot" type="integer">
			<sql name="ID_TIERS_BNOT" />
			<bind-xml name="idTiersBnot" />
		</field>		
		<field name="caractTierList" type="fr.franfinance.kyc.notelab.model.CaractTier"
              collection="arraylist">
              <sql many-key="ID_TIERS_BNOT" />
              <bind-xml name="caractTierList" />
		</field>
		<field name="codeStatut" type="string">
			<sql name="CODE_STATUT" />
			<bind-xml name="codeStatut" />
		</field>
		<field name="idRct" type="string">
			<sql name="ID_RCT" />
			<bind-xml name="idRct" />
		</field>
		<field name="idUniqueTiersBii" type="integer">
			<sql name="ID_UNIQUE_TIERS_BII"></sql>
			<bind-xml name="idUniqueTiersBii"></bind-xml>
		</field>
		<field name="siren" type="string">
			<sql name="siren"></sql>
			<bind-xml name="siren"></bind-xml>
		</field>
</class>




 <class name="fr.franfinance.kyc.notelab.model.CaractTier"
		access="db-locked" key-generator="SEQUENCE" identity="idCaractTiers">
		<map-to table="CARACT_TIERS" xml="CaractTier" />
		<cache-type type="none" />
		
		<field name="idCaractTiers" type="integer">
			<sql name="ID_CARACT_TIERS" />
			<bind-xml name="idCaractTiers" />
		</field>
		<field name="codeCaract" type="string">
			<sql name="CODE_CARACT" />
			<bind-xml name="codeCaract" />
		</field>
		<field name="codeProvenance" type="string">
			<sql name="CODE_PROVENANCE" />
			<bind-xml name="codeProvenance" />
		</field>
		<field name="dateDebutValidite" type="date">
			<sql name="DATE_DEBUT_VALIDITE" type="timestamp"/>
			<bind-xml name="dateDebutValidite"></bind-xml>
		</field>
		<field name="dateEffetNoteLab" type="date">
			<sql name="DATE_FCT1" type="timestamp"/>
			<bind-xml name="dateEffetNoteLab"></bind-xml>
		</field>
		<field name="idProvenance" type="string">
			<sql name="ID_PROVENANCE" />
			<bind-xml name="idProvenance" />
		</field>
		<field name="notelab" type="string">
			<sql name="VALEUR_CARACT1" />
			<bind-xml name="notelab" />
		</field>
		<field name="modeCalcul" type="string">
			<sql name="VALEUR_CARACT2" />
			<bind-xml name="modeCalcul" />
		</field>
		<field name="motifForcage" type="string">
			<sql name="VALEUR_CARACT3" />
			<bind-xml name="motifForcage" />
		</field>
		<field name="flagVerrou" type="string">
			<sql name="VALEUR_CARACT4" />
			<bind-xml name="flagVerrou" />
		</field>
</class>
	
</mapping>